"","name","surname","login"
"1","Jorge","Patrick","j.patrick"
"2","Gerald","Long","gerald.long"
"3","Javier","Mendoza","j.mendoza"
"4","Roy","Johnston","rjoh"
"5","Annie","Keith","annie.keith"
"6","Nora","Castro","ncas"
"7","Roger","Cohen","r.cohen"
"8","Shawn","Stanley","ssta"
"9","Marjorie","Elliott","m.elliott"
"10","Allison","Mason","a.mason"
"11","Teresa","Figueroa","t.figueroa"
"12","Emily","Ruiz","emily.ruiz"
"13","Mario","Frank","m.frank"
"14","Edward","Perez","e.perez"
"15","Joshua","Osborne","j.osborne"
"16","Clyde","Reese","clyde.reese"
"17","Marsha","Erickson","marsha.erickson"
"18","Harvey","Jensen","hjen"
"19","Michelle","Contreras","michelle.contreras"
"20","Melvin","Brewer","mbre"
"21","Donna","Hall","donna.hall"
"22","Agnes","Neal","agnes.neal"
"23","Dean","Hammond","dean.hammond"
"24","Irene","Carter","icar"
"25","Dale","Vega","dale.vega"
"26","Keith","Gonzalez","k.gonzalez"
"27","Kirk","Simmons","k.simmons"
"28","James","Wise","j.wise"
"29","Marcia","Price","marcia.price"
"30","Wayne","Pena","wpen"
"31","Sara","Mccoy","s.mccoy"
"32","Joseph","Tate","joseph.tate"
"33","Brittany","Barker","brittany.barker"
"34","Justin","Gaines","j.gaines"
"35","Manuel","Ross","m.ross"
"36","Yolanda","Nguyen","yngu"
"37","June","Hardy","j.hardy"
"38","Rick","Patton","r.patton"
"39","Harry","Hampton","harry.hampton"
"40","Jeanne","Hoover","jeanne.hoover"
"41","Joel","Owen","j.owen"
"42","Warren","Dickerson","warren.dickerson"
"43","Sylvia","Adkins","sylvia.adkins"
"44","Chris","Howell","chris.howell"
"45","Isaac","Arnold","isaac.arnold"
"46","Ruby","Gomez","ruby.gomez"
"47","Angela","Miles","a.miles"
"48","Tara","Mcdaniel","tara.mcdaniel"
"49","Stacey","Luna","slun"
"50","Richard","Mccarthy","richard.mccarthy"
"51","Michael","Brady","m.brady"
"52","Terrance","Christian","terrance.christian"
"53","Lois","Nicholson","lois.nicholson"
"54","Felicia","Gross","f.gross"
"55","Johnnie","Pitts","jpit"
"56","Edwin","Hansen","ehan"
"57","Debbie","Haynes","dhay"
"58","Claude","Clark","claude.clark"
"59","Patrick","Freeman","p.freeman"
"60","Charlotte","Perry","charlotte.perry"
"61","Diana","Murray","dmur"
"62","Megan","Beasley","mbea"
"63","Kim","Phelps","kim.phelps"
"64","Ben","Welch","b.welch"
"65","Mitchell","Romero","mrom"
"66","Marilyn","Tyler","mtyl"
"67","Katie","George","katie.george"
"68","Doris","Gutierrez","doris.gutierrez"
"69","Bruce","Austin","baus"
"70","Roberta","Craig","r.craig"
"71","Julie","Ingram","j.ingram"
"72","April","Rios","ario"
"73","Dana","Watkins","dana.watkins"
"74","Andre","Parker","apar"
"75","Renee","Dennis","renee.dennis"
"76","Sheila","Curry","s.curry"
"77","Cheryl","Nunez","cnun"
"78","Phillip","Deleon","phillip.deleon"
"79","Geraldine","Hogan","g.hogan"
"80","Marion","Perkins","mper"
"81","Kevin","Vincent","kvin"
"82","Samantha","Hubbard","samantha.hubbard"
"83","Darren","O'connor","do.c"
"84","Marshall","Drake","m.drake"
"85","Nathaniel","Butler","nathaniel.butler"
"86","Lucy","Matthews","lucy.matthews"
"87","David","Weber","david.weber"
"88","Louis","Charles","lcha"
"89","Marian","Hartman","mhar"
"90","Herbert","Hudson","h.hudson"
"91","Jeffery","Vasquez","jvas"
"92","Guy","Horn","g.horn"
"93","Danny","Melton","d.melton"
"94","Mabel","Garza","m.garza"
"95","Greg","Stokes","gsto"
"96","Micheal","Lang","m.lang"
"97","Janet","Clay","janet.clay"
"98","Erica","Bryant","erica.bryant"
"99","Freddie","Gill","freddie.gill"
"100","Travis","Miller","t.miller"
"101","Armando","Davis","armando.davis"
"102","Charles","Ramsey","c.ramsey"
"103","Dave","Coleman","dave.coleman"
"104","Jon","Mullins","jmul"
"105","Kristina","Meyer","kmey"
"106","Charlene","Terry","charlene.terry"
"107","Ramon","Reyes","ramon.reyes"
"108","Cody","Blake","cody.blake"
"109","Troy","Fleming","troy.fleming"
"110","Dawn","Grimes","dgri"
"111","Ray","Houston","rhou"
"112","Anthony","Gregory","anthony.gregory"
"113","Gloria","Walton","g.walton"
"114","Albert","Powers","a.powers"
"115","Allan","Gates","a.gates"
"116","Jonathan","Benson","jonathan.benson"
"117","Louise","Stone","l.stone"
"118","Nellie","Bishop","nbis"
"119","Gabriel","Vazquez","gabriel.vazquez"
"120","Becky","Meyers","bmey"
"121","Michele","Casey","michele.casey"
"122","Jimmie","Keller","jimmie.keller"
"123","Dwight","Henry","dwight.henry"
"124","Irma","Cortez","irma.cortez"
"125","Tim","Ramirez","t.ramirez"
"126","Rosa","Kemp","rkem"
"127","Kent","Mccormick","kent.mccormick"
"128","Jack","Mckinney","jack.mckinney"
"129","Matthew","Montgomery","m.montgomery"
"130","Lee","Carson","lcar"
"131","Deanna","Hayes","deanna.hayes"
"132","Leroy","Norton","l.norton"
"133","Jessie","Tucker","jessie.tucker"
"134","Marie","Collier","m.collier"
"135","Perry","Wiley","p.wiley"
"136","Eleanor","Warner","eleanor.warner"
"137","Melissa","Soto","msot"
"138","Scott","Foster","sfos"
"139","Olga","Horton","olga.horton"
"140","Wesley","O'brien","w.o.brien"
"141","Jesus","Booth","jesus.booth"
"142","Carla","Reed","cree"
"143","Minnie","Wolfe","mwol"
"144","Ian","Doyle","i.doyle"
"145","Judith","Bell","jbel"
"146","Linda","Cook","lcoo"
"147","Kelly","Mosley","k.mosley"
"148","Danielle","Conner","dcon"
"149","Craig","Wall","cwal"
"150","Tracey","Cooper","tcoo"
"151","Maurice","Ferguson","maurice.ferguson"
"152","Kristin","Saunders","k.saunders"
"153","Jean","Heath","jean.heath"
"154","Leslie","Harper","l.harper"
"155","Brenda","Lewis","blew"
"156","Ethel","Moore","e.moore"
"157","Fernando","Hunter","f.hunter"
"158","Earl","Thornton","e.thornton"
"159","Rodney","Cox","rcox"
"160","Jo","Conley","jcon"
"161","Steven","Gardner","steven.gardner"
"162","Katherine","Byrd","katherine.byrd"
"163","Derrick","Bryan","dbry"
"164","Ellen","Kramer","e.kramer"
"165","Jamie","Griffith","jgri"
"166","Don","Marsh","dmar"
"167","Susan","Knight","s.knight"
"168","Beth","Boyd","beth.boyd"
"169","Paula","Manning","p.manning"
"170","Alan","Paul","apau"
"171","George","Washington","george.washington"
"172","Raymond","Spencer","r.spencer"
"173","Leonard","Mcdonald","lmcd"
"174","Ron","Morgan","r.morgan"
"175","Felix","Barnes","f.barnes"
"176","Connie","Fletcher","connie.fletcher"
"177","Heidi","Watts","heidi.watts"
"178","Bernard","Klein","bernard.klein"
"179","Valerie","Poole","valerie.poole"
"180","Ruben","Kim","ruben.kim"
"181","Duane","Mcgee","d.mcgee"
"182","Jay","Hawkins","jay.hawkins"
"183","Sarah","Skinner","sarah.skinner"
"184","Stanley","Pittman","s.pittman"
"185","Lillian","Goodwin","lillian.goodwin"
"186","Casey","James","cjam"
"187","Ronald","Brown","r.brown"
"188","Martha","Wilson","martha.wilson"
"189","Myrtle","Hood","mhoo"
"190","Velma","Jennings","velma.jennings"
"191","Kathleen","Kirk","kkir"
"192","Randy","Hicks","r.hicks"
"193","Charlie","Fowler","cfow"
"194","Crystal","Moreno","crystal.moreno"
"195","Arnold","Wilkins","arnold.wilkins"
"196","Courtney","Lopez","c.lopez"
"197","Laurie","Nash","lnas"
"198","Leah","King","leah.king"
"199","Andy","Copeland","andy.copeland"
"200","Elaine","Potter","elaine.potter"
"201","Gordon","Jenkins","gjen"
"202","Roland","Huffman","r.huffman"
"203","Eileen","Massey","e.massey"
"204","Viola","Olson","v.olson"
"205","Cathy","Brock","cbro"
"206","Oscar","Thomas","otho"
"207","Alberto","Blair","alberto.blair"
"208","Glenda","Cunningham","gcun"
"209","Suzanne","Hamilton","sham"
"210","Alex","Anthony","aant"
"211","Ryan","Beck","ryan.beck"
"212","Misty","Owens","mowe"
"213","Vera","Petersen","vera.petersen"
"214","Larry","Wright","lwri"
"215","Brandon","Robertson","brob"
"216","Sidney","Bowman","sbow"
"217","John","Insecure","johnins"
"218","Philip","Joseph","philip.joseph"
"219","Dwayne","Morales","dwayne.morales"
"220","Sue","Barrett","s.barrett"
"221","Russell","Cannon","rcan"
"222","Carol","Carroll","ccar"
"223","Judy","Olsen","j.olsen"
"224","Shannon","Cain","shannon.cain"
"225","Floyd","Nelson","fnel"
"226","Gilbert","Swanson","gswa"
"227","Karl","Ray","k.ray"
"228","Neil","Williams","neil.williams"
"229","Todd","Weaver","t.weaver"
"230","Paul","Rhodes","p.rhodes"
"231","Cory","Campbell","ccam"
"232","Tonya","Williamson","t.williamson"
"233","Tina","Palmer","t.palmer"
"234","Ana","Sutton","a.sutton"
"235","Joan","Lamb","jlam"
"236","Melinda","Watson","mwat"
"237","Naomi","Richardson","nric"
"238","Vincent","Dixon","vincent.dixon"
"239","Mary","Morrow","mary.morrow"
"240","Amanda","Allison","a.allison"
"241","Stella","Holmes","stella.holmes"
"242","Jaime","Webb","j.webb"
"243","Robert","Singleton","robert.singleton"
"244","Bonnie","Flowers","bonnie.flowers"
"245","Vickie","Schultz","v.schultz"
"246","Ted","Green","t.green"
"247","Leo","Steele","leo.steele"
"248","Marc","Roman","m.roman"
"249","Jane","Mills","j.mills"
"250","Adam","Walker","awal"
"251","Leslie","Hill","l.hill"
"252","Ivan","Park","i.park"
"253","Stacy","Edwards","s.edwards"
"254","Lisa","Russell","l.russell"
"255","Elsie","Mack","emac"
"256","Arthur","Wallace","a.wallace"
"257","Barbara","Alexander","barbara.alexander"
"258","Lauren","Pratt","lpra"
"259","Milton","Santiago","m.santiago"
"260","Willie","Huff","whuf"
"261","Derek","Little","d.little"
"262","Alexander","Ball","a.ball"
"263","Anita","Ford","a.ford"
"264","William","Moody","wmoo"
"265","Peter","Schneider","peter.schneider"
"266","Max","Hodges","m.hodges"
"267","Nancy","Martinez","nmar"
"268","Julian","Garrett","j.garrett"
"269","Virginia","Dyer","v.dyer"
"270","Marlene","Snow","msno"
"271","Christy","Norris","christy.norris"
"272","Julio","Bradford","jbra"
"273","Audrey","Shepherd","a.shepherd"
"274","Regina","Frazier","rfra"
"275","Vernon","White","v.white"
"276","Nicole","Francis","nfra"
"277","Barry","Aguilar","bagu"
"278","Jordan","Alvarado","jordan.alvarado"
"279","Dennis","Martin","d.martin"
"280","Tanya","Taylor","ttay"
"281","Esther","Salazar","esal"
"282","Pamela","Vargas","p.vargas"
"283","Tyler","May","tyler.may"
"284","Clinton","Ortega","cort"
"285","Margie","Castillo","mcas"
"286","Mark","Shelton","mshe"
"287","Herman","Maxwell","hmax"
"288","Seth","Santos","ssan"
"289","Josephine","Snyder","josephine.snyder"
"290","Tommy","Richard","tric"
"291","Ann","Humphrey","ann.humphrey"
"292","Lawrence","Abbott","labb"
"293","Sally","Barnett","s.barnett"
"294","Dianne","Shields","dshi"
"295","Rene","Larsen","rlar"
"296","Cindy","Tran","c.tran"
"297","Hazel","Garcia","hgar"
"298","Willard","Bond","willard.bond"
"299","Salvador","Lee","s.lee"
"300","Ella","Whitaker","ewhi"
"301","Daryl","Dominguez","d.dominguez"
"302","Joy","Holt","jhol"
"303","Loretta","Schroeder","loretta.schroeder"
"304","Bobbie","Jefferson","bjef"
"305","Laura","Wells","laura.wells"
"306","Carl","Bowers","cbow"
"307","Stephanie","Shaw","ssha"
"308","Rita","Garrison","r.garrison"
"309","Miriam","Valdez","m.valdez"
"310","Fred","Parrish","f.parrish"
"311","Calvin","Logan","c.logan"
"312","Christian","Sanchez","christian.sanchez"
"313","Alice","Nichols","anic"
"314","Jenny","Savage","j.savage"
"315","Ross","Thompson","rtho"
"316","Patsy","Fox","patsy.fox"
"317","Sherry","Bates","sbat"
"318","Lydia","Gonzales","lgon"
"319","Bertha","Mathews","bertha.mathews"
"320","Sam","Holloway","sam.holloway"
"321","Aaron","Mcguire","a.mcguire"
"322","Yvonne","Summers","y.summers"
"323","Samuel","Goodman","samuel.goodman"
"324","Martin","Ballard","martin.ballard"
"325","Carlos","Sawyer","c.sawyer"
"326","Antonio","Morrison","a.morrison"
"327","Lori","Gordon","l.gordon"
"328","Hilda","Ortiz","hilda.ortiz"
"329","Jerry","Fisher","jerry.fisher"
"330","Timothy","Wade","twad"
"331","Anna","Boone","anna.boone"
"332","Holly","Quinn","hqui"
"333","Luis","Simon","lsim"
"334","Hugh","Buchanan","hbuc"
"335","Randall","Kelly","r.kelly"
"336","Lucille","Shaffer","lsha"
"337","Jacob","Harvey","jhar"
"338","Roberto","Bradley","r.bradley"
"339","Adrian","Combs","acom"
"340","Kenneth","Jackson","k.jackson"
"341","Deborah","Phillips","deborah.phillips"
"342","Patricia","Marshall","patricia.marshall"
"343","Jamie","Fields","jamie.fields"
"344","Sonia","Rodriquez","s.rodriquez"
"345","Andrew","Rivera","ariv"
"346","Victoria","Padilla","v.padilla"
"347","Jeanette","Ward","jeanette.ward"
"348","Wendy","Wagner","wwag"
"349","Janice","Murphy","jmur"
"350","Marion","Powell","mpow"
"351","Stephen","Oliver","soli"
"352","Kristen","Pearson","kristen.pearson"
"353","Leon","Christensen","l.christensen"
"354","Hector","Monroe","h.monroe"
"355","Veronica","Curtis","vcur"
"356","Dustin","Parks","dpar"
"357","Joanne","Mitchell","jmit"
"358","Florence","Bridges","florence.bridges"
"359","Kurt","Carlson","kurt.carlson"
"360","Norman","Sparks","nspa"
"361","Ruth","Munoz","r.munoz"
"362","Grace","Flores","gflo"
"363","Christine","Gilmore","c.gilmore"
"364","Denise","Sandoval","denise.sandoval"
"365","Vivian","Riley","vril"
"366","Jennifer","Ellis","jennifer.ellis"
"367","Virgil","Mckenzie","vmck"
"368","Christopher","Medina","christopher.medina"
"369","Eduardo","Jones","ejon"
"370","Douglas","Baker","d.baker"
"371","Marcus","Lucas","m.lucas"
"372","Rose","Jordan","r.jordan"
"373","Amber","Rodgers","a.rodgers"
"374","Alfredo","Marquez","amar"
"375","Rhonda","Harmon","rhonda.harmon"
"376","Jacqueline","Grant","j.grant"
"377","Beatrice","Page","beatrice.page"
"378","Amy","Burton","amy.burton"
"379","Gertrude","Fernandez","g.fernandez"
"380","Erik","Kelley","erik.kelley"
"381","Arlene","Herrera","aher"
"382","Carole","Randall","carole.randall"
"383","Jimmy","Pierce","jimmy.pierce"
"384","Ramona","Hensley","rhen"
"385","Caroline","Wiggins","c.wiggins"
"386","Dorothy","Simpson","dorothy.simpson"
"387","Reginald","Andrews","reginald.andrews"
"388","Bobby","Eaton","bobby.eaton"
"389","Bernice","Fitzgerald","bfit"
"390","Tracy","Silva","t.silva"
"391","Maxine","Sullivan","m.sullivan"
"392","Tom","Strickland","t.strickland"
"393","Colleen","Banks","c.banks"
"394","Norma","Walsh","norma.walsh"
"395","Sharon","Ware","sharon.ware"
"396","Clifford","Stephens","clifford.stephens"
"397","Enrique","Roy","eroy"
"398","Mae","Jimenez","m.jimenez"
"399","Kay","Guzman","k.guzman"
"400","Jill","Lambert","j.lambert"
"401","Darryl","Cobb","d.cobb"
"402","Brent","Berry","bber"
"403","Helen","Wyatt","h.wyatt"
"404","Thomas","Franklin","t.franklin"
"405","Katrina","Atkins","k.atkins"
"406","Gene","Sims","gsim"
"407","Brian","Chapman","bcha"
"408","Elizabeth","Mendez","elizabeth.mendez"
"409","Heather","Schmidt","heather.schmidt"
"410","Ashley","Cummings","ashley.cummings"
"411","Jessie","Parsons","jpar"
"412","Erika","Carpenter","erika.carpenter"
"413","Sean","Clayton","s.clayton"
"414","Victor","Robinson","vrob"
"415","Shirley","Evans","shirley.evans"
"416","Dan","Diaz","ddia"
"417","Steve","Estrada","sest"
"418","Glenn","West","gwes"
"419","Lance","Turner","ltur"
"420","Constance","Hernandez","c.hernandez"
"421","Claudia","Gallagher","c.gallagher"
"422","Cecil","Mann","cman"
"423","Darrell","Maldonado","dmal"
"424","Billy","Peterson","b.peterson"
"425","Lorraine","Morton","lmor"
"426","Melanie","Wolf","mwol.1"
"427","Claire","Love","clov"
"428","Nathan","Day","nday"
"429","Raul","Becker","raul.becker"
"430","Tony","Baxter","t.baxter"
"431","Alvin","Wong","awon"
"432","John","Scott","jsco"
"433","Edgar","Warren","e.warren"
"434","Clifton","Burnett","cbur"
"435","Joann","Kennedy","joann.kennedy"
"436","Delores","Robbins","drob"
"437","Eva","Douglas","edou"
"438","Carolyn","Peters","cpet"
"439","Chester","Black","cbla"
"440","Wilma","Myers","wilma.myers"
"441","Julia","Short","j.short"
"442","Lena","Hanson","lhan"
"443","Jason","Duncan","jdun"
"444","Billie","Caldwell","bcal"
"445","Karen","Smith","ksmi"
"446","Jeff","Newton","jnew"
"447","Francisco","Allen","francisco.allen"
"448","Tamara","Leonard","t.leonard"
"449","Alma","Wilcox","a.wilcox"
"450","Jesse","Wheeler","jesse.wheeler"
"451","Kimberly","Patel","k.patel"
"452","Christina","Richards","c.richards"
"453","Tammy","Payne","t.payne"
"454","Eddie","Small","e.small"
"455","Emma","Molina","e.molina"
"456","Ricky","Vaughn","ricky.vaughn"
"457","Dora","Wilkerson","dwil"
"458","Kyle","Collins","kcol"
"459","Everett","Daniels","edan"
"460","Frank","Reid","frei"
"461","Pauline","Bennett","pben"
"462","Priscilla","Roberson","p.roberson"
"463","Monica","Whitehead","m.whitehead"
"464","Juanita","Moss","jmos"
"465","Brad","Cameron","b.cameron"
"466","Chad","Garner","chad.garner"
"467","Erin","Sanders","e.sanders"
"468","Jackie","Waters","jackie.waters"
"469","Theresa","Griffin","theresa.griffin"
"470","Shelly","Burns","s.burns"
"471","Willie","Ayala","waya"
"472","Jennie","Rowe","jennie.rowe"
"473","Clayton","Fuller","c.fuller"
"474","Benjamin","Norman","b.norman"
"475","Harold","Espinoza","harold.espinoza"
"476","Penny","Glenn","p.glenn"
"477","Slawomir","Pietraszko","slap"
"478","Lonnie","Hart","lonnie.hart"
"479","Sherri","Ramos","s.ramos"
"480","Francis","Armstrong","farm"
"481","Alfred","Young","alfred.young"
"482","Tyrone","Cline","tyrone.cline"
"483","Clarence","Torres","clarence.torres"
"484","Gwendolyn","Sherman","g.sherman"
"485","Kelly","Davenport","kelly.davenport"
"486","Tiffany","Rice","tric.1"
"487","Toni","Lynch","tlyn"
"488","Brett","Johnson","brett.johnson"
"489","Zachary","Stevenson","z.stevenson"
"490","Betty","Walters","betty.walters"
"491","Johnny","Floyd","jflo"
"492","Bob","Glover","bglo"
"493","Violet","Harrington","v.harrington"
"494","Jeffrey","Morris","jeffrey.morris"
"495","Anne","Cruz","a.cruz"
"496","Marvin","Chandler","mcha"
"497","Andrea","Burgess","andrea.burgess"
"498","Curtis","Bass","c.bass"
"499","Rachel","Chase","r.chase"
"500","Rebecca","Stewart","r.stewart"
"501","Elmer","Howard","elmer.howard"
"502","Rosemary","Cole","rosemary.cole"
"503","Terrence","Cross","terrence.cross"
"504","Jim","Reeves","jree"
"505","Maria","Navarro","mnav"
"506","Juan","Briggs","juan.briggs"
"507","Miguel","Flynn","miguel.flynn"
"508","Terry","Alvarez","talv"
"509","Bryan","Harris","bhar"
"510","Annette","Moran","amor"
"511","Corey","Gray","corey.gray"
"512","Gregory","Harrison","gregory.harrison"
"513","Ken","Brooks","k.brooks"
"514","Beverly","Hopkins","beverly.hopkins"
"515","Dolores","Bowen","dolores.bowen"
"516","Pedro","Webster","pedro.webster"
"517","Bessie","Hodge","bhod"
"518","Edna","Gilbert","egil"
"519","Wallace","Higgins","w.higgins"
"520","Cassandra","Lyons","clyo"
"521","Joe","Todd","jtod"
"522","Frederick","Malone","fmal"
"523","Clara","Davidson","c.davidson"
"524","Ronnie","Daniel","r.daniel"
"525","Vanessa","Bush","v.bush"
"526","Catherine","Zimmerman","czim"
"527","Kathryn","Holland","k.holland"
"528","Mathew","Rose","mathew.rose"
"529","Angel","Adams","angel.adams"
"530","Allen","Mathis","allen.mathis"
"531","Ralph","Roberts","ralph.roberts"
"532","Carmen","Lawson","claw"
"533","Joyce","Kirby","jkir"
"534","Ernest","Stevens","e.stevens"
"535","Robin","Bailey","r.bailey"
"536","Phyllis","Underwood","phyllis.underwood"
"537","Jessica","Newman","j.newman"
"538","Eric","Yates","eyat"
"539","Alicia","Rodriguez","alicia.rodriguez"
"540","Gary","French","gfre"
"541","Daisy","Guerrero","daisy.guerrero"
